timestamp,vibration,temperature,pressure,rpm,current,oil_quality
2025-07-01T00:00:00.000Z,2.87,62.5,4.53,1751,18.6,81.0
2025-07-01T01:00:00.000Z,2.52,62.5,4.53,1749,18.2,81.3
2025-07-01T02:00:00.000Z,2.79,62.8,4.55,1746,17.8,80.7
2025-07-01T03:00:00.000Z,2.77,62.1,4.52,1746,18.3,81.0
2025-07-01T04:00:00.000Z,2.79,63.2,4.59,1753,18.0,81.0
2025-07-01T05:00:00.000Z,2.66,61.4,4.57,1756,18.0,80.5
2025-07-01T06:00:00.000Z,3.05,62.1,4.52,1751,18.6,80.5
2025-07-01T07:00:00.000Z,3.14,63.2,4.47,1744,17.7,81.2
2025-07-01T08:00:00.000Z,2.86,62.5,4.43,1750,18.5,80.4
2025-07-01T09:00:00.000Z,2.98,61.3,4.48,1752,18.8,80.7
2025-07-01T10:00:00.000Z,2.84,62.1,4.36,1753,18.1,81.0
2025-07-01T11:00:00.000Z,2.70,62.6,4.45,1754,17.8,80.4
2025-07-01T12:00:00.000Z,2.97,62.7,4.39,1748,18.1,81.2
2025-07-01T13:00:00.000Z,3.15,62.8,4.47,1755,18.4,80.7
2025-07-01T14:00:00.000Z,2.71,62.5,4.35,1755,18.0,80.6
2025-07-01T15:00:00.000Z,2.56,61.5,4.57,1751,18.3,80.3
2025-07-01T16:00:00.000Z,2.91,62.8,4.62,1756,18.4,80.8
2025-07-01T17:00:00.000Z,2.92,62.4,4.38,1752,18.4,81.1
2025-07-01T18:00:00.000Z,3.04,61.6,4.39,1752,18.8,80.5
2025-07-01T19:00:00.000Z,3.21,62.2,4.58,1752,17.7,80.4
2025-07-01T20:00:00.000Z,3.00,62.5,4.54,1747,18.5,80.4
2025-07-01T21:00:00.000Z,2.54,62.6,4.46,1746,18.6,81.0
2025-07-01T22:00:00.000Z,3.07,61.3,4.48,1754,18.3,80.7
2025-07-01T23:00:00.000Z,2.97,61.3,4.50,1750,17.9,80.8
2025-07-02T00:00:00.000Z,2.52,61.5,4.65,1751,18.5,80.8
2025-07-02T01:00:00.000Z,3.21,63.7,4.37,1746,18.4,80.4
2025-07-02T02:00:00.000Z,2.80,62.6,4.37,1745,18.2,80.2
2025-07-02T03:00:00.000Z,2.81,63.1,4.47,1748,18.4,80.3
2025-07-02T04:00:00.000Z,3.25,62.0,4.48,1747,18.5,80.2
2025-07-02T05:00:00.000Z,2.92,62.9,4.35,1746,17.9,80.7
2025-07-02T06:00:00.000Z,2.58,63.3,4.41,1752,18.7,80.6
2025-07-02T07:00:00.000Z,3.12,61.6,4.38,1753,17.9,80.0
2025-07-02T08:00:00.000Z,2.75,61.6,4.62,1752,18.6,80.4
2025-07-02T09:00:00.000Z,3.08,63.0,4.47,1753,18.0,80.0
2025-07-02T10:00:00.000Z,2.59,62.8,4.35,1751,18.9,80.7
2025-07-02T11:00:00.000Z,2.89,63.4,4.37,1750,18.6,80.0
2025-07-02T12:00:00.000Z,3.26,61.7,4.61,1750,18.8,80.8
2025-07-02T13:00:00.000Z,2.79,62.5,4.48,1745,17.9,79.8
2025-07-02T14:00:00.000Z,2.55,63.6,4.52,1751,18.0,80.7
2025-07-02T15:00:00.000Z,2.54,63.4,4.43,1745,18.2,80.1
2025-07-02T16:00:00.000Z,2.59,62.3,4.39,1755,18.4,80.1
2025-07-02T17:00:00.000Z,3.27,62.2,4.52,1751,18.0,80.2
2025-07-02T18:00:00.000Z,3.24,62.1,4.49,1749,17.9,79.9
2025-07-02T19:00:00.000Z,2.99,61.4,4.38,1753,17.9,79.8
2025-07-02T20:00:00.000Z,2.83,63.3,4.53,1751,18.5,80.0
2025-07-02T21:00:00.000Z,3.09,63.6,4.45,1753,17.8,79.7
2025-07-02T22:00:00.000Z,2.90,63.0,4.38,1755,18.8,79.7
2025-07-02T23:00:00.000Z,3.20,62.3,4.56,1751,18.7,80.5
2025-07-03T00:00:00.000Z,2.84,61.9,4.45,1753,18.6,79.6
2025-07-03T01:00:00.000Z,3.06,61.7,4.48,1753,18.2,80.4
2025-07-03T02:00:00.000Z,3.08,61.7,4.38,1746,17.7,80.4
2025-07-03T03:00:00.000Z,2.69,63.0,4.44,1748,18.6,80.2
2025-07-03T04:00:00.000Z,2.97,63.7,4.52,1754,18.4,79.8
2025-07-03T05:00:00.000Z,2.72,63.6,4.38,1751,18.3,80.1
2025-07-03T06:00:00.000Z,2.91,61.9,4.55,1747,18.1,79.5
2025-07-03T07:00:00.000Z,3.20,62.4,4.38,1751,18.3,79.6
2025-07-03T08:00:00.000Z,2.54,61.6,4.47,1755,18.2,80.3
2025-07-03T09:00:00.000Z,2.76,62.3,4.53,1744,18.2,79.9
2025-07-03T10:00:00.000Z,3.12,63.1,4.54,1755,18.5,79.5
2025-07-03T11:00:00.000Z,2.56,61.8,4.42,1754,17.9,79.4
2025-07-03T12:00:00.000Z,2.54,63.5,4.57,1744,18.2,79.3
2025-07-03T13:00:00.000Z,2.67,63.4,4.49,1744,17.8,79.3
2025-07-03T14:00:00.000Z,2.79,62.7,4.35,1754,18.8,79.5
2025-07-03T15:00:00.000Z,2.77,61.7,4.40,1744,18.3,80.0
2025-07-03T16:00:00.000Z,3.11,62.4,4.61,1750,18.1,79.8
2025-07-03T17:00:00.000Z,3.02,63.1,4.47,1752,18.3,79.6
2025-07-03T18:00:00.000Z,2.83,63.8,4.44,1752,17.8,79.8
2025-07-03T19:00:00.000Z,2.60,63.0,4.42,1754,18.6,79.3
2025-07-03T20:00:00.000Z,3.26,62.5,4.46,1747,17.8,80.0
2025-07-03T21:00:00.000Z,2.60,62.7,4.61,1755,17.9,80.0
2025-07-03T22:00:00.000Z,2.82,62.8,4.46,1748,17.9,79.1
2025-07-03T23:00:00.000Z,2.71,61.6,4.44,1751,18.3,79.3
2025-07-04T00:00:00.000Z,2.91,63.0,4.58,1755,18.0,79.5
2025-07-04T01:00:00.000Z,2.59,63.2,4.44,1746,18.5,79.3
2025-07-04T02:00:00.000Z,2.63,63.1,4.41,1747,18.1,79.0
2025-07-04T03:00:00.000Z,2.57,61.6,4.45,1750,18.2,79.9
2025-07-04T04:00:00.000Z,3.08,63.2,4.44,1752,18.3,79.9
2025-07-04T05:00:00.000Z,2.81,63.4,4.40,1747,18.9,79.2
2025-07-04T06:00:00.000Z,2.56,63.6,4.61,1747,17.8,79.1
2025-07-04T07:00:00.000Z,2.89,61.6,4.55,1752,18.6,79.4
2025-07-04T08:00:00.000Z,2.67,63.8,4.64,1752,17.9,79.2
2025-07-04T09:00:00.000Z,2.75,62.7,4.59,1755,17.9,79.1
2025-07-04T10:00:00.000Z,2.82,63.8,4.53,1750,18.0,79.5
2025-07-04T11:00:00.000Z,2.96,62.5,4.62,1750,18.9,79.0
2025-07-04T12:00:00.000Z,2.69,63.0,4.59,1748,18.1,78.9
2025-07-04T13:00:00.000Z,2.78,63.5,4.62,1747,18.3,79.2
2025-07-04T14:00:00.000Z,2.82,62.5,4.57,1745,18.2,79.0
2025-07-04T15:00:00.000Z,3.27,61.9,4.35,1751,18.1,78.7
2025-07-04T16:00:00.000Z,3.17,63.2,4.40,1753,17.8,78.8
2025-07-04T17:00:00.000Z,2.65,61.7,4.35,1755,18.8,79.5
2025-07-04T18:00:00.000Z,3.02,63.0,4.58,1747,17.9,79.1
2025-07-04T19:00:00.000Z,2.60,62.2,4.47,1747,18.0,79.5
2025-07-04T20:00:00.000Z,2.89,63.7,4.57,1746,18.4,79.3
2025-07-04T21:00:00.000Z,2.52,62.5,4.56,1754,18.3,79.3
2025-07-04T22:00:00.000Z,2.86,62.1,4.52,1756,18.1,78.7
2025-07-04T23:00:00.000Z,2.77,62.8,4.44,1753,19.0,79.0
2025-07-05T00:00:00.000Z,2.80,61.9,4.56,1749,18.1,78.7
2025-07-05T01:00:00.000Z,2.53,62.9,4.41,1751,18.3,79.4
2025-07-05T02:00:00.000Z,3.19,61.9,4.46,1749,18.2,78.7
2025-07-05T03:00:00.000Z,3.16,62.1,4.52,1745,18.4,79.1
2025-07-05T04:00:00.000Z,3.10,62.8,4.49,1755,18.0,79.2
2025-07-05T05:00:00.000Z,2.85,63.4,4.53,1753,18.4,79.2
2025-07-05T06:00:00.000Z,2.52,62.3,4.48,1752,18.3,79.1
2025-07-05T07:00:00.000Z,2.98,63.2,4.60,1744,18.7,79.2
2025-07-05T08:00:00.000Z,2.96,63.0,4.41,1746,18.5,78.6
2025-07-05T09:00:00.000Z,2.87,62.6,4.41,1745,18.2,79.2
2025-07-05T10:00:00.000Z,3.04,63.6,4.39,1746,17.9,78.9
2025-07-05T11:00:00.000Z,3.28,63.3,4.41,1748,18.4,78.4
2025-07-05T12:00:00.000Z,2.90,63.8,4.50,1749,17.9,79.0
2025-07-05T13:00:00.000Z,2.90,64.0,4.45,1746,19.0,78.8
2025-07-05T14:00:00.000Z,2.70,62.1,4.44,1751,18.8,79.3
2025-07-05T15:00:00.000Z,2.68,63.0,4.57,1751,19.0,78.8
2025-07-05T16:00:00.000Z,3.20,62.5,4.37,1756,18.6,78.4
2025-07-05T17:00:00.000Z,2.59,62.0,4.44,1752,18.7,78.6
2025-07-05T18:00:00.000Z,2.97,63.2,4.56,1749,18.0,79.0
2025-07-05T19:00:00.000Z,2.64,63.0,4.63,1754,19.1,78.6
2025-07-05T20:00:00.000Z,2.80,63.9,4.57,1753,18.9,78.3
2025-07-05T21:00:00.000Z,2.73,63.3,4.43,1750,18.7,78.7
2025-07-05T22:00:00.000Z,3.25,62.2,4.35,1752,18.7,78.8
2025-07-05T23:00:00.000Z,3.29,62.1,4.39,1756,18.6,78.4
2025-07-06T00:00:00.000Z,2.76,63.4,4.56,1755,18.3,78.4
2025-07-06T01:00:00.000Z,2.60,61.8,4.53,1746,18.8,78.7
2025-07-06T02:00:00.000Z,3.13,62.7,4.39,1752,19.1,78.8
2025-07-06T03:00:00.000Z,2.75,62.4,4.39,1748,18.7,78.0
2025-07-06T04:00:00.000Z,2.94,62.0,4.52,1754,19.0,79.0
2025-07-06T05:00:00.000Z,2.77,63.7,4.50,1750,18.9,78.1
2025-07-06T06:00:00.000Z,3.12,63.1,4.60,1748,18.1,78.0
2025-07-06T07:00:00.000Z,3.08,63.2,4.65,1748,18.0,78.4
2025-07-06T08:00:00.000Z,3.25,63.1,4.54,1755,18.6,78.0
2025-07-06T09:00:00.000Z,2.95,62.1,4.41,1750,18.7,78.4
2025-07-06T10:00:00.000Z,2.66,61.7,4.44,1746,18.6,78.7
2025-07-06T11:00:00.000Z,3.00,61.9,4.55,1745,18.2,78.1
2025-07-06T12:00:00.000Z,2.90,62.1,4.37,1755,18.1,78.0
2025-07-06T13:00:00.000Z,3.26,62.1,4.38,1756,18.2,78.0
2025-07-06T14:00:00.000Z,3.21,63.4,4.55,1754,18.8,78.8
2025-07-06T15:00:00.000Z,3.18,62.3,4.47,1748,18.9,78.0
2025-07-06T16:00:00.000Z,2.55,63.5,4.49,1747,18.0,78.2
2025-07-06T17:00:00.000Z,3.06,62.0,4.62,1749,18.0,78.0
2025-07-06T18:00:00.000Z,2.66,64.0,4.39,1751,18.5,78.5
2025-07-06T19:00:00.000Z,3.21,61.9,4.64,1744,18.4,78.7
2025-07-06T20:00:00.000Z,2.72,61.8,4.60,1750,18.6,78.3
2025-07-06T21:00:00.000Z,3.08,62.6,4.51,1754,19.1,78.1
2025-07-06T22:00:00.000Z,3.18,64.1,4.39,1747,18.8,77.7
2025-07-06T23:00:00.000Z,3.20,63.2,4.55,1751,18.4,78.5
2025-07-07T00:00:00.000Z,3.28,62.9,4.63,1744,18.0,77.8
2025-07-07T01:00:00.000Z,2.85,63.5,4.43,1747,18.7,78.3
2025-07-07T02:00:00.000Z,3.30,62.9,4.60,1744,19.0,77.7
2025-07-07T03:00:00.000Z,2.73,63.5,4.46,1756,19.0,78.3
2025-07-07T04:00:00.000Z,2.99,63.8,4.61,1745,19.1,78.4
2025-07-07T05:00:00.000Z,2.88,63.5,4.56,1754,18.3,78.2
2025-07-07T06:00:00.000Z,2.80,63.3,4.42,1754,18.2,78.5
2025-07-07T07:00:00.000Z,2.62,62.1,4.50,1746,18.7,78.2
2025-07-07T08:00:00.000Z,3.19,64.0,4.49,1754,19.0,78.1
2025-07-07T09:00:00.000Z,3.11,62.9,4.50,1751,18.5,78.1
2025-07-07T10:00:00.000Z,3.15,62.3,4.44,1752,18.4,77.8
2025-07-07T11:00:00.000Z,3.21,62.5,4.59,1751,18.5,77.6
2025-07-07T12:00:00.000Z,2.65,64.1,4.39,1748,18.9,78.0
2025-07-07T13:00:00.000Z,3.24,62.5,4.51,1755,18.7,78.0
2025-07-07T14:00:00.000Z,2.73,63.4,4.46,1746,18.5,77.6
2025-07-07T15:00:00.000Z,3.34,63.1,4.42,1748,19.0,78.0
2025-07-07T16:00:00.000Z,2.78,63.0,4.44,1754,19.0,77.8
2025-07-07T17:00:00.000Z,2.81,62.7,4.50,1745,18.6,77.3
2025-07-07T18:00:00.000Z,2.63,63.2,4.48,1747,18.7,77.7
2025-07-07T19:00:00.000Z,3.25,64.1,4.63,1749,18.8,78.2
2025-07-07T20:00:00.000Z,2.93,62.7,4.35,1752,18.6,78.1
2025-07-07T21:00:00.000Z,2.84,62.7,4.50,1750,18.0,78.0
2025-07-07T22:00:00.000Z,3.30,61.9,4.45,1749,18.9,77.6
2025-07-07T23:00:00.000Z,3.18,63.8,4.37,1750,18.5,77.3
2025-07-08T00:00:00.000Z,2.64,62.2,4.41,1745,18.4,77.3
2025-07-08T01:00:00.000Z,3.28,61.9,4.44,1752,18.3,77.4
2025-07-08T02:00:00.000Z,3.26,62.6,4.52,1751,18.4,77.6
2025-07-08T03:00:00.000Z,3.05,64.1,4.42,1755,19.0,77.6
2025-07-08T04:00:00.000Z,2.60,64.3,4.35,1744,19.0,77.3
2025-07-08T05:00:00.000Z,2.80,64.2,4.53,1755,18.2,78.0
2025-07-08T06:00:00.000Z,2.67,63.4,4.62,1747,19.0,78.0
2025-07-08T07:00:00.000Z,2.84,63.1,4.59,1753,18.3,77.7
2025-07-08T08:00:00.000Z,2.87,63.9,4.40,1753,19.0,77.9
2025-07-08T09:00:00.000Z,3.09,62.7,4.59,1749,19.2,77.2
2025-07-08T10:00:00.000Z,2.90,62.9,4.39,1750,18.2,77.5
2025-07-08T11:00:00.000Z,2.80,63.7,4.36,1755,18.0,76.9
2025-07-08T12:00:00.000Z,2.88,63.8,4.35,1745,18.8,76.9
2025-07-08T13:00:00.000Z,3.19,62.1,4.49,1754,18.9,77.4
2025-07-08T14:00:00.000Z,2.71,63.8,4.63,1746,19.1,77.5
2025-07-08T15:00:00.000Z,2.69,62.3,4.64,1752,18.5,77.8
2025-07-08T16:00:00.000Z,2.72,62.4,4.45,1750,18.6,77.4
2025-07-08T17:00:00.000Z,2.83,62.5,4.44,1748,18.5,77.0
2025-07-08T18:00:00.000Z,2.89,63.0,4.62,1747,19.2,76.9
2025-07-08T19:00:00.000Z,3.04,63.1,4.55,1751,18.7,77.5
2025-07-08T20:00:00.000Z,2.77,64.3,4.53,1746,19.1,77.1
2025-07-08T21:00:00.000Z,3.30,62.9,4.38,1747,18.5,77.2
2025-07-08T22:00:00.000Z,3.13,62.1,4.63,1745,18.3,77.2
2025-07-08T23:00:00.000Z,3.25,63.7,4.55,1744,18.2,76.7
2025-07-09T00:00:00.000Z,2.70,63.8,4.38,1744,19.2,77.4
2025-07-09T01:00:00.000Z,3.35,63.3,4.45,1751,19.1,77.4
2025-07-09T02:00:00.000Z,2.98,62.9,4.56,1754,18.9,77.2
2025-07-09T03:00:00.000Z,3.29,64.2,4.64,1752,19.1,76.7
2025-07-09T04:00:00.000Z,2.71,62.2,4.61,1746,18.2,76.9
2025-07-09T05:00:00.000Z,2.94,63.2,4.53,1755,18.4,76.7
2025-07-09T06:00:00.000Z,2.57,63.2,4.43,1755,19.0,77.1
2025-07-09T07:00:00.000Z,3.07,62.4,4.51,1749,19.1,77.1
2025-07-09T08:00:00.000Z,2.61,64.2,4.49,1746,18.9,76.9
2025-07-09T09:00:00.000Z,2.80,62.4,4.40,1748,19.2,76.9
2025-07-09T10:00:00.000Z,2.99,63.6,4.64,1753,19.2,76.7
2025-07-09T11:00:00.000Z,3.19,62.9,4.61,1748,18.9,77.0
2025-07-09T12:00:00.000Z,2.64,62.7,4.60,1745,18.1,77.3
2025-07-09T13:00:00.000Z,3.32,64.3,4.45,1746,18.3,77.3
2025-07-09T14:00:00.000Z,3.25,63.8,4.44,1751,18.9,77.2
2025-07-09T15:00:00.000Z,3.26,63.6,4.44,1744,18.1,77.1
2025-07-09T16:00:00.000Z,3.07,63.5,4.36,1755,18.2,76.7
2025-07-09T17:00:00.000Z,2.88,63.9,4.62,1744,18.2,76.4
2025-07-09T18:00:00.000Z,2.69,62.3,4.58,1749,18.7,76.8
2025-07-09T19:00:00.000Z,3.29,62.8,4.61,1746,18.7,77.0
2025-07-09T20:00:00.000Z,3.04,64.2,4.56,1748,18.5,76.4
2025-07-09T21:00:00.000Z,3.35,63.7,4.41,1750,18.3,76.4
2025-07-09T22:00:00.000Z,3.12,63.3,4.54,1753,18.3,76.5
2025-07-09T23:00:00.000Z,2.97,62.9,4.63,1747,19.1,76.5
2025-07-10T00:00:00.000Z,3.17,63.5,4.52,1749,18.2,77.1
2025-07-10T01:00:00.000Z,2.58,63.6,4.54,1744,19.0,76.6
2025-07-10T02:00:00.000Z,2.72,64.2,4.52,1744,18.5,76.2
2025-07-10T03:00:00.000Z,2.91,64.5,4.60,1755,18.9,76.2
2025-07-10T04:00:00.000Z,3.20,62.9,4.35,1745,19.1,76.3
2025-07-10T05:00:00.000Z,3.34,62.2,4.63,1747,18.3,76.7
2025-07-10T06:00:00.000Z,2.79,64.4,4.59,1746,18.7,76.5
2025-07-10T07:00:00.000Z,3.21,62.7,4.63,1754,18.4,76.4
2025-07-10T08:00:00.000Z,3.00,64.5,4.53,1752,18.3,76.1
2025-07-10T09:00:00.000Z,2.73,63.4,4.45,1745,18.4,76.8
2025-07-10T10:00:00.000Z,3.29,62.9,4.49,1746,18.8,76.1
2025-07-10T11:00:00.000Z,3.38,64.2,4.38,1749,18.2,76.7
2025-07-10T12:00:00.000Z,3.34,63.9,4.56,1745,19.1,76.7
2025-07-10T13:00:00.000Z,3.11,64.2,4.63,1750,18.6,76.0
2025-07-10T14:00:00.000Z,3.06,62.7,4.42,1755,19.0,76.6
2025-07-10T15:00:00.000Z,2.75,64.1,4.48,1749,18.2,76.0
2025-07-10T16:00:00.000Z,2.60,64.3,4.41,1747,18.5,76.8
2025-07-10T17:00:00.000Z,3.35,62.9,4.43,1752,18.5,76.6
2025-07-10T18:00:00.000Z,2.67,64.5,4.60,1745,18.9,76.0
2025-07-10T19:00:00.000Z,3.28,63.6,4.52,1751,18.9,76.7
2025-07-10T20:00:00.000Z,3.33,64.5,4.40,1751,19.2,75.9
2025-07-10T21:00:00.000Z,3.12,62.3,4.56,1756,18.8,76.7
2025-07-10T22:00:00.000Z,2.76,63.2,4.40,1749,18.2,76.0
2025-07-10T23:00:00.000Z,3.06,62.8,4.65,1745,18.5,76.2
2025-07-11T00:00:00.000Z,2.69,63.4,4.53,1754,19.0,76.7
2025-07-11T01:00:00.000Z,3.33,64.4,4.59,1748,19.3,75.8
2025-07-11T02:00:00.000Z,2.71,64.3,4.44,1749,19.1,75.8
2025-07-11T03:00:00.000Z,2.70,63.7,4.36,1755,18.4,75.8
2025-07-11T04:00:00.000Z,3.29,64.0,4.61,1747,19.2,76.0
2025-07-11T05:00:00.000Z,3.32,64.5,4.37,1752,18.9,76.3
2025-07-11T06:00:00.000Z,2.78,63.9,4.43,1749,18.3,76.0
2025-07-11T07:00:00.000Z,2.90,64.2,4.56,1751,18.8,76.5
2025-07-11T08:00:00.000Z,2.79,63.9,4.40,1750,18.4,76.1
2025-07-11T09:00:00.000Z,2.99,64.0,4.36,1752,18.2,76.0
2025-07-11T10:00:00.000Z,3.21,64.4,4.41,1750,18.6,75.5
2025-07-11T11:00:00.000Z,3.15,62.4,4.62,1748,18.4,76.0
2025-07-11T12:00:00.000Z,3.39,63.5,4.40,1747,18.7,76.3
2025-07-11T13:00:00.000Z,3.31,64.4,4.57,1748,18.3,75.9
2025-07-11T14:00:00.000Z,2.83,63.9,4.51,1753,18.9,75.4
2025-07-11T15:00:00.000Z,3.02,63.7,4.61,1754,19.0,75.8
2025-07-11T16:00:00.000Z,3.38,63.3,4.38,1753,18.5,75.5
2025-07-11T17:00:00.000Z,3.19,62.8,4.52,1753,19.1,75.6
2025-07-11T18:00:00.000Z,2.75,62.8,4.57,1753,18.9,75.4
2025-07-11T19:00:00.000Z,2.73,63.8,4.48,1750,18.4,75.9
2025-07-11T20:00:00.000Z,3.02,64.0,4.51,1753,19.0,75.4
2025-07-11T21:00:00.000Z,2.76,62.6,4.50,1747,18.3,75.4
2025-07-11T22:00:00.000Z,2.63,64.6,4.56,1752,18.7,75.7
2025-07-11T23:00:00.000Z,3.32,63.6,4.47,1756,18.2,75.8
2025-07-12T00:00:00.000Z,2.65,64.0,4.52,1749,18.5,75.4
2025-07-12T01:00:00.000Z,3.09,62.9,4.61,1748,18.3,75.8
2025-07-12T02:00:00.000Z,2.94,62.6,4.40,1751,19.1,75.5
2025-07-12T03:00:00.000Z,2.91,63.7,4.45,1744,19.2,75.6
2025-07-12T04:00:00.000Z,3.37,64.5,4.44,1755,19.4,75.7
2025-07-12T05:00:00.000Z,3.15,64.6,4.38,1745,18.6,75.6
2025-07-12T06:00:00.000Z,2.98,64.5,4.64,1748,19.3,75.7
2025-07-12T07:00:00.000Z,2.73,64.4,4.62,1754,18.3,75.3
2025-07-12T08:00:00.000Z,2.78,63.6,4.58,1750,19.2,75.1
2025-07-12T09:00:00.000Z,2.75,64.6,4.51,1756,18.3,75.4
2025-07-12T10:00:00.000Z,2.93,62.5,4.61,1745,18.2,75.3
2025-07-12T11:00:00.000Z,2.75,63.1,4.40,1752,18.8,75.5
2025-07-12T12:00:00.000Z,3.33,64.0,4.46,1751,18.8,75.4
2025-07-12T13:00:00.000Z,3.38,63.3,4.51,1755,19.4,75.6
2025-07-12T14:00:00.000Z,2.99,63.7,4.37,1754,18.5,75.7
2025-07-12T15:00:00.000Z,2.64,63.6,4.64,1753,19.1,74.9
2025-07-12T16:00:00.000Z,3.24,62.5,4.60,1747,19.1,75.7
2025-07-12T17:00:00.000Z,2.87,63.9,4.56,1751,19.3,74.9
2025-07-12T18:00:00.000Z,2.67,63.8,4.35,1748,18.4,74.9
2025-07-12T19:00:00.000Z,2.85,64.0,4.52,1745,19.4,75.7
2025-07-12T20:00:00.000Z,3.14,63.7,4.46,1753,18.9,75.0
2025-07-12T21:00:00.000Z,3.18,64.6,4.42,1751,18.4,75.2
2025-07-12T22:00:00.000Z,3.37,62.6,4.37,1750,18.9,75.2
2025-07-12T23:00:00.000Z,3.26,63.8,4.49,1754,19.2,75.4
2025-07-13T00:00:00.000Z,2.87,63.1,4.51,1751,18.8,74.9
2025-07-13T01:00:00.000Z,3.38,64.5,4.61,1749,19.2,75.6
2025-07-13T02:00:00.000Z,2.92,63.0,4.44,1754,18.6,75.1
2025-07-13T03:00:00.000Z,3.36,62.8,4.56,1747,18.8,75.0
2025-07-13T04:00:00.000Z,2.99,64.0,4.49,1747,18.4,75.2
2025-07-13T05:00:00.000Z,2.79,62.6,4.51,1750,18.4,75.4
2025-07-13T06:00:00.000Z,3.19,62.8,4.60,1748,18.4,75.3
2025-07-13T07:00:00.000Z,3.08,62.9,4.38,1750,18.9,74.9
2025-07-13T08:00:00.000Z,2.77,62.6,4.65,1755,18.6,75.0
2025-07-13T09:00:00.000Z,2.67,63.6,4.62,1754,18.5,75.3
2025-07-13T10:00:00.000Z,2.66,63.0,4.48,1751,19.3,74.9
2025-07-13T11:00:00.000Z,3.40,63.0,4.60,1753,18.5,75.3
2025-07-13T12:00:00.000Z,2.72,62.7,4.42,1752,19.3,75.2
2025-07-13T13:00:00.000Z,3.27,63.8,4.62,1748,18.4,74.5
2025-07-13T14:00:00.000Z,3.08,62.9,4.62,1745,19.3,75.0
2025-07-13T15:00:00.000Z,2.70,63.1,4.60,1755,18.4,74.5
2025-07-13T16:00:00.000Z,3.33,63.2,4.54,1751,18.5,74.8
2025-07-13T17:00:00.000Z,2.68,62.9,4.51,1746,18.7,75.0
2025-07-13T18:00:00.000Z,3.24,63.9,4.49,1754,19.1,75.2
2025-07-13T19:00:00.000Z,3.20,62.8,4.59,1745,19.2,75.3
2025-07-13T20:00:00.000Z,3.38,63.8,4.62,1751,18.7,74.6
2025-07-13T21:00:00.000Z,2.66,63.4,4.48,1751,19.0,74.5
2025-07-13T22:00:00.000Z,2.68,64.1,4.36,1752,19.3,75.2
2025-07-13T23:00:00.000Z,3.33,64.2,4.52,1752,18.4,74.6
2025-07-14T00:00:00.000Z,2.81,64.4,4.61,1750,18.8,74.5
2025-07-14T01:00:00.000Z,3.21,63.6,4.50,1748,18.8,74.6
2025-07-14T02:00:00.000Z,3.34,64.8,4.47,1749,18.7,74.8
2025-07-14T03:00:00.000Z,2.96,64.3,4.53,1756,19.3,74.8
2025-07-14T04:00:00.000Z,3.37,64.6,4.48,1747,18.3,75.0
2025-07-14T05:00:00.000Z,3.04,63.9,4.54,1750,19.1,74.7
2025-07-14T06:00:00.000Z,3.08,63.1,4.48,1749,18.5,74.7
2025-07-14T07:00:00.000Z,3.24,63.8,4.55,1753,19.1,74.5
2025-07-14T08:00:00.000Z,2.75,63.4,4.62,1751,19.4,74.7
2025-07-14T09:00:00.000Z,3.39,62.6,4.43,1750,19.3,74.7
2025-07-14T10:00:00.000Z,2.69,62.9,4.36,1754,18.8,74.3
2025-07-14T11:00:00.000Z,2.64,62.6,4.40,1746,18.9,74.2
2025-07-14T12:00:00.000Z,3.15,63.2,4.44,1747,19.5,74.8
2025-07-14T13:00:00.000Z,3.28,64.3,4.49,1745,18.6,74.5
2025-07-14T14:00:00.000Z,3.27,62.6,4.52,1749,18.3,74.2
2025-07-14T15:00:00.000Z,2.74,63.6,4.65,1754,18.9,74.1
2025-07-14T16:00:00.000Z,3.08,63.4,4.45,1750,18.3,74.8
2025-07-14T17:00:00.000Z,2.69,64.4,4.39,1752,19.4,74.5
2025-07-14T18:00:00.000Z,3.16,63.1,4.47,1752,19.0,74.6
2025-07-14T19:00:00.000Z,2.80,64.3,4.45,1754,18.9,73.9
2025-07-14T20:00:00.000Z,3.32,63.7,4.45,1745,19.0,74.5
2025-07-14T21:00:00.000Z,3.23,64.1,4.45,1749,19.1,74.6
2025-07-14T22:00:00.000Z,3.02,63.8,4.38,1750,19.5,74.8
2025-07-14T23:00:00.000Z,3.07,63.0,4.38,1747,19.5,74.7
2025-07-15T00:00:00.000Z,2.75,63.0,4.51,1749,18.4,74.6
2025-07-15T01:00:00.000Z,2.93,63.5,4.57,1753,19.4,74.5
2025-07-15T02:00:00.000Z,3.41,64.5,4.40,1745,18.6,74.1
2025-07-15T03:00:00.000Z,2.84,64.3,4.53,1749,18.4,74.0
2025-07-15T04:00:00.000Z,2.90,62.8,4.45,1746,18.9,74.4
2025-07-15T05:00:00.000Z,3.40,64.2,4.51,1745,19.2,74.0
2025-07-15T06:00:00.000Z,2.97,64.8,4.50,1753,18.4,74.6
2025-07-15T07:00:00.000Z,2.72,63.9,4.64,1755,19.4,74.1
2025-07-15T08:00:00.000Z,2.95,63.5,4.53,1748,19.2,74.0
2025-07-15T09:00:00.000Z,3.09,64.4,4.47,1756,19.5,74.3
2025-07-15T10:00:00.000Z,3.00,63.3,4.56,1750,19.2,73.8
2025-07-15T11:00:00.000Z,3.41,62.8,4.65,1748,19.6,73.5
2025-07-15T12:00:00.000Z,2.77,63.3,4.44,1754,18.9,74.3
2025-07-15T13:00:00.000Z,3.18,64.0,4.64,1748,19.3,73.7
2025-07-15T14:00:00.000Z,2.96,64.4,4.58,1753,19.5,74.0
2025-07-15T15:00:00.000Z,3.36,64.2,4.56,1747,18.8,74.4
2025-07-15T16:00:00.000Z,3.08,62.9,4.55,1747,18.4,74.1
2025-07-15T17:00:00.000Z,2.89,63.3,4.61,1750,19.1,73.6
2025-07-15T18:00:00.000Z,2.97,62.8,4.42,1747,19.3,73.8
2025-07-15T19:00:00.000Z,3.16,63.6,4.46,1751,19.0,74.2
2025-07-15T20:00:00.000Z,3.03,64.6,4.45,1747,19.1,73.6
2025-07-15T21:00:00.000Z,2.91,62.8,4.39,1753,19.1,73.8
2025-07-15T22:00:00.000Z,2.73,63.5,4.47,1753,18.8,73.7
2025-07-15T23:00:00.000Z,2.89,63.5,4.44,1751,18.7,74.2
2025-07-16T00:00:00.000Z,3.31,64.8,4.57,1747,19.4,73.7
2025-07-16T01:00:00.000Z,3.09,63.3,4.52,1753,18.9,73.6
2025-07-16T02:00:00.000Z,2.74,64.9,4.51,1746,18.6,73.6
2025-07-16T03:00:00.000Z,2.95,65.0,4.61,1752,19.1,73.4
2025-07-16T04:00:00.000Z,3.01,64.3,4.52,1746,19.3,73.4
2025-07-16T05:00:00.000Z,3.12,63.4,4.62,1755,18.8,74.1
2025-07-16T06:00:00.000Z,3.44,63.3,4.43,1749,19.2,73.6
2025-07-16T07:00:00.000Z,2.84,63.8,4.56,1753,18.8,73.3
2025-07-16T08:00:00.000Z,2.88,62.9,4.40,1753,18.7,74.0
2025-07-16T09:00:00.000Z,3.21,63.0,4.61,1752,19.3,73.2
2025-07-16T10:00:00.000Z,3.10,63.6,4.38,1750,18.9,73.3
2025-07-16T11:00:00.000Z,2.74,63.7,4.39,1749,18.9,73.4
2025-07-16T12:00:00.000Z,3.14,63.0,4.46,1751,18.8,74.0
2025-07-16T13:00:00.000Z,2.94,63.6,4.39,1748,19.5,73.2
2025-07-16T14:00:00.000Z,3.39,65.0,4.53,1752,18.9,73.4
2025-07-16T15:00:00.000Z,2.75,63.2,4.54,1747,19.4,73.2
2025-07-16T16:00:00.000Z,3.16,64.8,4.63,1748,18.6,73.1
2025-07-16T17:00:00.000Z,3.09,64.8,4.44,1745,18.9,73.6
2025-07-16T18:00:00.000Z,2.91,63.9,4.35,1753,19.3,73.3
2025-07-16T19:00:00.000Z,2.71,64.1,4.60,1748,19.4,73.0
2025-07-16T20:00:00.000Z,3.04,63.9,4.49,1747,18.9,73.6
2025-07-16T21:00:00.000Z,3.26,64.4,4.50,1746,18.5,73.4
2025-07-16T22:00:00.000Z,2.87,62.9,4.46,1753,19.5,73.8
2025-07-16T23:00:00.000Z,2.96,63.6,4.64,1747,18.6,72.9
2025-07-17T00:00:00.000Z,2.88,65.0,4.43,1744,19.1,73.0
2025-07-17T01:00:00.000Z,3.23,63.6,4.63,1755,19.0,73.7
2025-07-17T02:00:00.000Z,2.99,63.8,4.38,1753,18.6,73.5
2025-07-17T03:00:00.000Z,3.13,64.3,4.56,1746,19.6,73.6
2025-07-17T04:00:00.000Z,3.43,64.5,4.61,1748,18.6,72.8
2025-07-17T05:00:00.000Z,2.85,64.3,4.51,1755,19.1,73.0
2025-07-17T06:00:00.000Z,3.22,64.4,4.46,1748,19.4,73.1
2025-07-17T07:00:00.000Z,3.42,64.2,4.57,1747,19.0,73.4
2025-07-17T08:00:00.000Z,3.35,62.8,4.57,1751,19.5,73.5
2025-07-17T09:00:00.000Z,3.34,64.1,4.44,1753,19.3,73.1
2025-07-17T10:00:00.000Z,3.26,63.5,4.54,1754,18.7,73.5
2025-07-17T11:00:00.000Z,3.38,65.1,4.52,1755,19.7,73.3
2025-07-17T12:00:00.000Z,3.14,63.7,4.53,1749,19.0,72.9
2025-07-17T13:00:00.000Z,3.16,64.9,4.46,1747,18.8,72.7
2025-07-17T14:00:00.000Z,2.87,63.5,4.37,1749,18.9,72.9
2025-07-17T15:00:00.000Z,3.07,62.9,4.52,1745,19.0,73.5
